<?xml version="1.0"?>
<doc>
    <assembly>
        <name>OpenNetty.Mqtt</name>
    </assembly>
    <members>
        <member name="T:OpenNetty.Mqtt.IOpenNettyMqttWorker">
            <summary>
            Represents a worker responsible for processing incoming MQTT application messages.
            </summary>
        </member>
        <member name="M:OpenNetty.Mqtt.IOpenNettyMqttWorker.ProcessMessagesAsync(MQTTnet.Extensions.ManagedClient.IManagedMqttClient,System.Threading.Channels.ChannelReader{MQTTnet.MqttApplicationMessage},System.Threading.CancellationToken)">
            <summary>
            Processes incoming MQTT application messages.
            </summary>
            <param name="client">The MQTT client.</param>
            <param name="reader">The channel reader used to iterate incoming MQTT application messages.</param>
            <param name="cancellationToken">The <see cref="T:System.Threading.CancellationToken"/> that can be used to abort the operation.</param>
            <returns>A <see cref="T:System.Threading.Tasks.Task"/> that can be used to monitor the asynchronous operation.</returns>
        </member>
        <member name="T:OpenNetty.Mqtt.OpenNettyMqttAttributes">
            <summary>
            Exposes common attributes supported by the OpenNetty MQTT integration.
            </summary>
        </member>
        <member name="F:OpenNetty.Mqtt.OpenNettyMqttAttributes.Battery">
            <summary>
            Battery.
            </summary>
        </member>
        <member name="F:OpenNetty.Mqtt.OpenNettyMqttAttributes.Brightness">
            <summary>
            Brightness.
            </summary>
        </member>
        <member name="F:OpenNetty.Mqtt.OpenNettyMqttAttributes.DimmingStep">
            <summary>
            Dimming step.
            </summary>
        </member>
        <member name="F:OpenNetty.Mqtt.OpenNettyMqttAttributes.IsPowerCutActive">
            <summary>
            Power cut active indicator.
            </summary>
        </member>
        <member name="F:OpenNetty.Mqtt.OpenNettyMqttAttributes.PilotWireDerogationMode">
            <summary>
            Pilot wire derogation mode.
            </summary>
        </member>
        <member name="F:OpenNetty.Mqtt.OpenNettyMqttAttributes.PilotWireSetpointMode">
            <summary>
            Pilot wire setpoint mode.
            </summary>
        </member>
        <member name="F:OpenNetty.Mqtt.OpenNettyMqttAttributes.RateType">
            <summary>
            Rate type.
            </summary>
        </member>
        <member name="F:OpenNetty.Mqtt.OpenNettyMqttAttributes.Scenario">
            <summary>
            Scenario.
            </summary>
        </member>
        <member name="F:OpenNetty.Mqtt.OpenNettyMqttAttributes.SmartMeterIndexes">
            <summary>
            Smart meter indexes.
            </summary>
        </member>
        <member name="F:OpenNetty.Mqtt.OpenNettyMqttAttributes.SwitchState">
            <summary>
            Switch state.
            </summary>
        </member>
        <member name="F:OpenNetty.Mqtt.OpenNettyMqttAttributes.WaterHeaterState">
            <summary>
            Water heater state.
            </summary>
        </member>
        <member name="F:OpenNetty.Mqtt.OpenNettyMqttAttributes.WaterHeaterSetpointMode">
            <summary>
            Water heater setpoint mode.
            </summary>
        </member>
        <member name="F:OpenNetty.Mqtt.OpenNettyMqttAttributes.WirelessBurglarAlarmState">
            <summary>
            Wireless burglar alarm state.
            </summary>
        </member>
        <member name="T:OpenNetty.Mqtt.OpenNettyMqttConfiguration">
            <summary>
            Exposes extensions allowing to register the OpenNetty MQTT services.
            </summary>
        </member>
        <member name="M:OpenNetty.Mqtt.OpenNettyMqttConfiguration.PostConfigure(System.String,OpenNetty.Mqtt.OpenNettyMqttOptions)">
            <inheritdoc/>
        </member>
        <member name="M:OpenNetty.Mqtt.OpenNettyMqttConfiguration.Validate(System.String,OpenNetty.Mqtt.OpenNettyMqttOptions)">
            <inheritdoc/>
        </member>
        <member name="T:OpenNetty.Mqtt.OpenNettyMqttHostedService">
            <summary>
            Contains the logic necessary to propage OpenNetty events over MQTT.
            </summary>
        </member>
        <member name="M:OpenNetty.Mqtt.OpenNettyMqttHostedService.#ctor(MQTTnet.Extensions.ManagedClient.IManagedMqttClient,OpenNetty.OpenNettyEvents,OpenNetty.OpenNettyLogger{OpenNetty.Mqtt.OpenNettyMqttHostedService},Microsoft.Extensions.Options.IOptionsMonitor{OpenNetty.Mqtt.OpenNettyMqttOptions},OpenNetty.Mqtt.IOpenNettyMqttWorker)">
            <summary>
            Creates a new instance of the <see cref="T:OpenNetty.Mqtt.OpenNettyMqttHostedService"/> class.
            </summary>
            <param name="client">The MQTT client.</param>
            <param name="events">The OpenNetty events.</param>
            <param name="logger">The OpenNetty logger.</param>
            <param name="options">The OpenNetty MQTT options.</param>
            <param name="worker">The OpenNetty MQTT worker.</param>
        </member>
        <member name="M:OpenNetty.Mqtt.OpenNettyMqttHostedService.OpenNetty#IOpenNettyHandler#SubscribeAsync">
            <inheritdoc/>
        </member>
        <member name="M:OpenNetty.Mqtt.OpenNettyMqttHostedService.ExecuteAsync(System.Threading.CancellationToken)">
            <inheritdoc/>
        </member>
        <member name="T:OpenNetty.Mqtt.OpenNettyMqttOperation">
            <summary>
            Represents an OpenNetty MQTT operation.
            </summary>
        </member>
        <member name="F:OpenNetty.Mqtt.OpenNettyMqttOperation.Get">
            <summary>
            Get (/get).
            </summary>
        </member>
        <member name="F:OpenNetty.Mqtt.OpenNettyMqttOperation.Set">
            <summary>
            Set (/set).
            </summary>
        </member>
        <member name="T:OpenNetty.Mqtt.OpenNettyMqttOptions">
            <summary>
            Provides various settings needed to configure the OpenNetty MQTT services.
            </summary>
        </member>
        <member name="P:OpenNetty.Mqtt.OpenNettyMqttOptions.ClientOptions">
            <summary>
            Gets or sets the MQTT client options.
            </summary>
        </member>
        <member name="P:OpenNetty.Mqtt.OpenNettyMqttOptions.EndpointNameProvider">
            <summary>
            Gets or sets the delegate responsible for resolving and,
            if applicable, normalizing the name associated with an endpoint.
            </summary>
            <remarks>
            By default, OpenNetty always lowercases the endpoint name.
            </remarks>
        </member>
        <member name="P:OpenNetty.Mqtt.OpenNettyMqttOptions.RootTopic">
            <summary>
            Gets or sets the MQTT root topic (by default, "opennetty").
            </summary>
        </member>
        <member name="T:OpenNetty.Mqtt.OpenNettyMqttWorker">
            <summary>
            Represents a worker responsible for processing incoming MQTT application messages.
            </summary>
        </member>
        <member name="M:OpenNetty.Mqtt.OpenNettyMqttWorker.#ctor(OpenNetty.OpenNettyController,OpenNetty.OpenNettyLogger{OpenNetty.Mqtt.OpenNettyMqttWorker},OpenNetty.OpenNettyManager)">
            <summary>
            Creates a new instance of the <see cref="T:OpenNetty.Mqtt.OpenNettyMqttWorker"/> class.
            </summary>
            <param name="controller">The OpenNetty controller.</param>
            <param name="logger">The OpenNetty logger.</param>
            <param name="manager">The OpenNetty manager.</param>
        </member>
        <member name="M:OpenNetty.Mqtt.OpenNettyMqttWorker.ProcessMessagesAsync(MQTTnet.Extensions.ManagedClient.IManagedMqttClient,System.Threading.Channels.ChannelReader{MQTTnet.MqttApplicationMessage},System.Threading.CancellationToken)">
            <inheritdoc/>
        </member>
        <member name="T:Microsoft.Extensions.DependencyInjection.OpenNettyMqttBuilder">
            <summary>
            Exposes the necessary methods required to configure the OpenNetty MQTT services.
            </summary>
        </member>
        <member name="M:Microsoft.Extensions.DependencyInjection.OpenNettyMqttBuilder.#ctor(Microsoft.Extensions.DependencyInjection.IServiceCollection)">
            <summary>
            Creates a new instance of <see cref="T:Microsoft.Extensions.DependencyInjection.OpenNettyMqttBuilder"/>.
            </summary>
            <param name="services">The services collection.</param>
        </member>
        <member name="P:Microsoft.Extensions.DependencyInjection.OpenNettyMqttBuilder.Services">
            <summary>
            Gets the services collection.
            </summary>
        </member>
        <member name="M:Microsoft.Extensions.DependencyInjection.OpenNettyMqttBuilder.Configure(System.Action{OpenNetty.Mqtt.OpenNettyMqttOptions})">
            <summary>
            Amends the default OpenNetty MQTT configuration.
            </summary>
            <param name="configuration">The delegate used to configure the OpenNetty MQTT options.</param>
            <remarks>This extension can be safely called multiple times.</remarks>
            <returns>The <see cref="T:Microsoft.Extensions.DependencyInjection.OpenNettyMqttBuilder"/> instance.</returns>
        </member>
        <member name="M:Microsoft.Extensions.DependencyInjection.OpenNettyMqttBuilder.SetClientOptions(System.Action{MQTTnet.Client.MqttClientOptionsBuilder})">
            <summary>
            Sets the MQTT client options used by the OpenNetty MQTT integration.
            </summary>
            <param name="configuration">The delegate used to configure the MQTT client options.</param>
            <returns>The <see cref="T:Microsoft.Extensions.DependencyInjection.OpenNettyMqttBuilder"/> instance.</returns>
        </member>
        <member name="M:Microsoft.Extensions.DependencyInjection.OpenNettyMqttBuilder.SetRootTopic(System.String)">
            <summary>
            Sets the MQTT root topic dedicated to the OpenNetty MQTT integration.
            </summary>
            <param name="topic">The MQTT root topic dedicated to the OpenNetty MQTT integration.</param>
            <returns>The <see cref="T:Microsoft.Extensions.DependencyInjection.OpenNettyMqttBuilder"/> instance.</returns>
        </member>
        <member name="M:Microsoft.Extensions.DependencyInjection.OpenNettyMqttBuilder.ImportFromXmlConfiguration(Microsoft.Extensions.FileProviders.IFileInfo)">
            <summary>
            Imports the OpenNetty MQTT configuration from the specified <paramref name="file"/>.
            </summary>
            <param name="file">The file.</param>
            <returns>The <see cref="T:Microsoft.Extensions.DependencyInjection.OpenNettyMqttBuilder"/> instance.</returns>
        </member>
        <member name="M:Microsoft.Extensions.DependencyInjection.OpenNettyMqttBuilder.ImportFromXmlConfiguration(System.String)">
            <summary>
            Imports the OpenNetty MQTT configuration from the specified <paramref name="path"/>.
            </summary>
            <param name="path">The file path.</param>
            <returns>The <see cref="T:Microsoft.Extensions.DependencyInjection.OpenNettyMqttBuilder"/> instance.</returns>
        </member>
        <member name="M:Microsoft.Extensions.DependencyInjection.OpenNettyMqttBuilder.ImportFromXmlConfiguration(System.IO.Stream)">
            <summary>
            Imports the OpenNetty MQTT configuration from the specified <paramref name="stream"/>.
            </summary>
            <param name="stream">The stream.</param>
            <returns>The <see cref="T:Microsoft.Extensions.DependencyInjection.OpenNettyMqttBuilder"/> instance.</returns>
        </member>
        <member name="M:Microsoft.Extensions.DependencyInjection.OpenNettyMqttBuilder.ImportFromXmlConfiguration(System.Xml.Linq.XDocument)">
            <summary>
            Imports the OpenNetty MQTT configuration from the specified <paramref name="document"/>.
            </summary>
            <param name="document">The document.</param>
            <returns>The <see cref="T:Microsoft.Extensions.DependencyInjection.OpenNettyMqttBuilder"/> instance.</returns>
        </member>
        <member name="M:Microsoft.Extensions.DependencyInjection.OpenNettyMqttBuilder.Equals(System.Object)">
            <inheritdoc/>
        </member>
        <member name="M:Microsoft.Extensions.DependencyInjection.OpenNettyMqttBuilder.GetHashCode">
            <inheritdoc/>
        </member>
        <member name="M:Microsoft.Extensions.DependencyInjection.OpenNettyMqttBuilder.ToString">
            <inheritdoc/>
        </member>
        <member name="T:Microsoft.Extensions.DependencyInjection.OpenNettyMqttExtensions">
            <summary>
            Exposes extensions allowing to register the OpenNetty MQTT services.
            </summary>
        </member>
        <member name="M:Microsoft.Extensions.DependencyInjection.OpenNettyMqttExtensions.AddMqttIntegration(Microsoft.Extensions.DependencyInjection.OpenNettyBuilder)">
            <summary>
            Registers the OpenNetty MQTT services in the DI container.
            </summary>
            <param name="builder">The services builder used by OpenNetty to register new services.</param>
            <remarks>This extension can be safely called multiple times.</remarks>
            <returns>The <see cref="T:Microsoft.Extensions.DependencyInjection.OpenNettyMqttBuilder"/> instance.</returns>
        </member>
        <member name="M:Microsoft.Extensions.DependencyInjection.OpenNettyMqttExtensions.AddMqttIntegration(Microsoft.Extensions.DependencyInjection.OpenNettyBuilder,System.Action{Microsoft.Extensions.DependencyInjection.OpenNettyMqttBuilder})">
            <summary>
            Registers the OpenNetty MQTT services in the DI container.
            </summary>
            <param name="builder">The services builder used by OpenNetty to register new services.</param>
            <param name="configuration">The configuration delegate used to configure the core services.</param>
            <remarks>This extension can be safely called multiple times.</remarks>
            <returns>The <see cref="T:Microsoft.Extensions.DependencyInjection.OpenNettyBuilder"/> instance.</returns>
        </member>
    </members>
</doc>
